size,renv_project,algorithm,median_run_time,mad_run_time,mean_run_time,sd_run_time,type
5,paradox/default/snapshots/snapshot_2023_03_17,param_set_initialize,5.1162075,0.2938172202,5.8606970619,3.57760459578581,categorical
5,paradox/default/snapshots/snapshot_2024_06_11,param_set_initialize,5.1665185,0.298086366899999,5.7609857909,3.18928353790714,categorical
5,paradox/default/snapshots/snapshot_2024_07_09,param_set_initialize,1.4207805,0.0455766066,1.5695513651,1.20823610706403,categorical
5,paradox/default/snapshots/snapshot_2024_07_30,param_set_initialize,5.158747,0.3096239601,5.7751542869,3.29911809605722,categorical
5,paradox/default/snapshots/snapshot_2023_03_17,param_set_initialize,5.2820315,0.280031264099999,6.1036479812,4.36174765312064,mixed
5,paradox/default/snapshots/snapshot_2024_06_11,param_set_initialize,5.153499,0.300262082400001,5.7655511594,3.27811154028001,mixed
5,paradox/default/snapshots/snapshot_2024_07_09,param_set_initialize,1.3856375,0.0448946106,1.53211108,1.25892068262657,mixed
5,paradox/default/snapshots/snapshot_2024_07_30,param_set_initialize,5.1967725,0.3434694942,5.8069177133,3.34346361333252,mixed
5,paradox/default/snapshots/snapshot_2023_03_17,param_set_initialize,5.260423,0.322139328,6.0761442158,3.73914081224485,numeric
5,paradox/default/snapshots/snapshot_2024_06_11,param_set_initialize,4.9713095,0.3376495479,5.5782387614,3.33618860003616,numeric
5,paradox/default/snapshots/snapshot_2024_07_09,param_set_initialize,1.195582,0.0374400978000001,1.3333050284,1.19574056768131,numeric
5,paradox/default/snapshots/snapshot_2024_07_30,param_set_initialize,5.0209395,0.3614512083,5.6947062695,3.50358283226835,numeric
50,paradox/default/snapshots/snapshot_2023_03_17,param_set_initialize,104.778893,28.3154146023,99.0664431192,30.2123585498828,categorical
50,paradox/default/snapshots/snapshot_2024_06_11,param_set_initialize,32.5433435,5.2437642033,33.3393839941,7.84789005651459,categorical
50,paradox/default/snapshots/snapshot_2024_07_09,param_set_initialize,9.3113585,0.641369053500001,10.2444509381,4.30800425892295,categorical
50,paradox/default/snapshots/snapshot_2024_07_30,param_set_initialize,32.312002,5.0541893304,33.0256418845,7.75196712174934,categorical
50,paradox/default/snapshots/snapshot_2023_03_17,param_set_initialize,96.013321,21.1686480495,93.6363716968,23.7322537801613,mixed
50,paradox/default/snapshots/snapshot_2024_06_11,param_set_initialize,31.1671075,4.8993843927,31.9946470356,7.61990329141565,mixed
50,paradox/default/snapshots/snapshot_2024_07_09,param_set_initialize,8.249009,0.5607830718,9.0335658805,3.39558107899614,mixed
50,paradox/default/snapshots/snapshot_2024_07_30,param_set_initialize,31.13565,4.9264233102,31.9442508333,7.75786239663209,mixed
50,paradox/default/snapshots/snapshot_2023_03_17,param_set_initialize,101.359179,30.5684491749,98.302840355,28.8202188696464,numeric
50,paradox/default/snapshots/snapshot_2024_06_11,param_set_initialize,30.363957,5.2174050579,31.2868671648,8.18153435383757,numeric
50,paradox/default/snapshots/snapshot_2024_07_09,param_set_initialize,7.1468755,0.4761696072,7.8918120678,3.33188428138722,numeric
50,paradox/default/snapshots/snapshot_2024_07_30,param_set_initialize,30.501408,5.3386105731,31.288719605,8.14593417370832,numeric
500,paradox/default/snapshots/snapshot_2023_03_17,param_set_initialize,704.9490055,208.7072239644,727.6337039304,198.012921641773,categorical
500,paradox/default/snapshots/snapshot_2024_06_11,param_set_initialize,312.812352,45.0587433156,310.2045774982,45.860469187044,categorical
500,paradox/default/snapshots/snapshot_2024_07_09,param_set_initialize,108.682523,13.7847952242,109.3967455869,18.3305208626205,categorical
500,paradox/default/snapshots/snapshot_2024_07_30,param_set_initialize,310.7314285,45.5697436446,309.1139121863,45.642373555756,categorical
500,paradox/default/snapshots/snapshot_2023_03_17,param_set_initialize,731.8633175,214.2239481711,758.0328088592,206.5137502293,mixed
500,paradox/default/snapshots/snapshot_2024_06_11,param_set_initialize,302.1333615,46.4602235979001,299.4953486369,39.7647837678404,mixed
500,paradox/default/snapshots/snapshot_2024_07_09,param_set_initialize,98.6172445,10.6701098553,97.2324079311,14.2654109492156,mixed
500,paradox/default/snapshots/snapshot_2024_07_30,param_set_initialize,300.456536,44.7467042001,297.2797472157,39.068668706037,mixed
500,paradox/default/snapshots/snapshot_2023_03_17,param_set_initialize,754.590424,230.7872551446,780.5830252434,210.917934903141,numeric
500,paradox/default/snapshots/snapshot_2024_06_11,param_set_initialize,283.599149,49.8775461744,285.5550713566,39.9691326412482,numeric
500,paradox/default/snapshots/snapshot_2024_07_09,param_set_initialize,87.0496875,12.1796820558,88.6182202286,18.1894012443899,numeric
500,paradox/default/snapshots/snapshot_2024_07_30,param_set_initialize,271.9146035,43.8295582032,273.797588674,35.8746993146717,numeric
5,paradox/default/snapshots/snapshot_2023_03_17,param_set_ids,0.018959,0.000505566600000002,0.0195882401,0.0110915033692981,categorical
5,paradox/default/snapshots/snapshot_2024_06_11,param_set_ids,0.020872,0.000637518,0.0214202031,0.00671031259676962,categorical
5,paradox/default/snapshots/snapshot_2024_07_09,param_set_ids,0.020812,0.000596005199999999,0.0213485991,0.00762596318603956,categorical
5,paradox/default/snapshots/snapshot_2024_07_30,param_set_ids,0.003906,0.000192738,0.0041005925,0.00394445032348985,categorical
5,paradox/default/snapshots/snapshot_2023_03_17,param_set_ids,0.019129,0.000607866000000001,0.0197136483,0.0100417567446169,mixed
5,paradox/default/snapshots/snapshot_2024_06_11,param_set_ids,0.020841,0.000609348600000002,0.0213184246,0.0066304395445981,mixed
5,paradox/default/snapshots/snapshot_2024_07_09,param_set_ids,0.020691,0.000579696600000004,0.0212098394,0.00765807732123628,mixed
5,paradox/default/snapshots/snapshot_2024_07_30,param_set_ids,0.003886,0.000192738,0.0040730446,0.00403983173949846,mixed
5,paradox/default/snapshots/snapshot_2023_03_17,param_set_ids,0.018889,0.000594522599999998,0.0195565505,0.0098787051198593,numeric
5,paradox/default/snapshots/snapshot_2024_06_11,param_set_ids,0.021032,0.000742782599999997,0.021628004,0.00717127248188806,numeric
5,paradox/default/snapshots/snapshot_2024_07_09,param_set_ids,0.020671,0.000594522599999998,0.0212008164,0.00732499266703034,numeric
5,paradox/default/snapshots/snapshot_2024_07_30,param_set_ids,0.003915,0.0002060814,0.0040838165,0.00367667067001511,numeric
50,paradox/default/snapshots/snapshot_2023_03_17,param_set_ids,0.019059,0.000563388000000003,0.019776806,0.0106866683607207,categorical
50,paradox/default/snapshots/snapshot_2024_06_11,param_set_ids,0.020871,0.000652343999999999,0.0213765821,0.00664420126240176,categorical
50,paradox/default/snapshots/snapshot_2024_07_09,param_set_ids,0.020891,0.000609348599999997,0.0214241795,0.00751062294562727,categorical
50,paradox/default/snapshots/snapshot_2024_07_30,param_set_ids,0.005498,0.00022239,0.0056885187,0.00394622648749402,categorical
50,paradox/default/snapshots/snapshot_2023_03_17,param_set_ids,0.019009,0.000548562000000003,0.0195946812,0.00979374391270005,mixed
50,paradox/default/snapshots/snapshot_2024_06_11,param_set_ids,0.020871,0.000639000600000001,0.0213658189,0.0066691247492602,mixed
50,paradox/default/snapshots/snapshot_2024_07_09,param_set_ids,0.020841,0.000698304600000004,0.0214381366,0.00741418494163555,mixed
50,paradox/default/snapshots/snapshot_2024_07_30,param_set_ids,0.005528,0.00022239,0.005725526,0.00396879499882499,mixed
50,paradox/default/snapshots/snapshot_2023_03_17,param_set_ids,0.018908,0.000607866000000001,0.0195608441,0.00976531848059744,numeric
50,paradox/default/snapshots/snapshot_2024_06_11,param_set_ids,0.0208365,0.000660498300000002,0.0213906521,0.00695754444767259,numeric
50,paradox/default/snapshots/snapshot_2024_07_09,param_set_ids,0.0207065,0.000602676900000006,0.0212394549,0.00738657899342372,numeric
50,paradox/default/snapshots/snapshot_2024_07_30,param_set_ids,0.005468,0.0002238726,0.0056674747,0.00401061523871578,numeric
500,paradox/default/snapshots/snapshot_2023_03_17,param_set_ids,0.019319,0.000637518,0.0199476112,0.0105843419430058,categorical
500,paradox/default/snapshots/snapshot_2024_06_11,param_set_ids,0.021362,0.000950346600000004,0.0220545294,0.00695332982826974,categorical
500,paradox/default/snapshots/snapshot_2024_07_09,param_set_ids,0.020851,0.000653826599999996,0.0213567213,0.00740869729778396,categorical
500,paradox/default/snapshots/snapshot_2024_07_30,param_set_ids,0.02016,0.000518909999999999,0.0204226282,0.00425694646025544,categorical
500,paradox/default/snapshots/snapshot_2023_03_17,param_set_ids,0.019479,0.000816912599999999,0.0205049208,0.0103367292010764,mixed
500,paradox/default/snapshots/snapshot_2024_06_11,param_set_ids,0.021462,0.0010689546,0.0221876629,0.00719893835824507,mixed
500,paradox/default/snapshots/snapshot_2024_07_09,param_set_ids,0.0209915,0.000578955300000003,0.0215012619,0.00743963253061114,mixed
500,paradox/default/snapshots/snapshot_2024_07_30,param_set_ids,0.02029,0.000607866000000001,0.0207423782,0.00432873363590945,mixed
500,paradox/default/snapshots/snapshot_2023_03_17,param_set_ids,0.019339,0.000727956600000003,0.0200667379,0.00991106456857647,numeric
500,paradox/default/snapshots/snapshot_2024_06_11,param_set_ids,0.021352,0.000994824600000002,0.0220803609,0.00709530261685671,numeric
500,paradox/default/snapshots/snapshot_2024_07_09,param_set_ids,0.021041,0.000667169999999999,0.0215514342,0.00753312617770812,numeric
500,paradox/default/snapshots/snapshot_2024_07_30,param_set_ids,0.020031,0.000518909999999999,0.0204125063,0.00438360125241272,numeric
5,paradox/default/snapshots/snapshot_2023_03_17,param_set_ids_class,0.031547,0.0010244766,0.0348678658,0.0674854238284277,categorical
5,paradox/default/snapshots/snapshot_2024_06_11,param_set_ids_class,0.657066,0.0364067256,0.7026650902,0.332488788205826,categorical
5,paradox/default/snapshots/snapshot_2024_07_09,param_set_ids_class,0.652215,0.0378552258,0.6989338273,0.346291158520282,categorical
5,paradox/default/snapshots/snapshot_2024_07_30,param_set_ids_class,0.003995,0.0001912554,0.0041791946,0.00387709395066473,categorical
5,paradox/default/snapshots/snapshot_2023_03_17,param_set_ids_class,0.031538,0.0010556112,0.0346959741,0.0620259327458212,mixed
5,paradox/default/snapshots/snapshot_2024_06_11,param_set_ids_class,0.65196,0.0360894492,0.6954265446,0.316340112617221,mixed
5,paradox/default/snapshots/snapshot_2024_07_09,param_set_ids_class,0.655055,0.0382066020000001,0.7015325646,0.347402154137064,mixed
5,paradox/default/snapshots/snapshot_2024_07_30,param_set_ids_class,0.003956,0.000207563999999999,0.00415002,0.00401272138371085,mixed
5,paradox/default/snapshots/snapshot_2023_03_17,param_set_ids_class,0.031397,0.000979998600000003,0.034619634,0.0668198644140294,numeric
5,paradox/default/snapshots/snapshot_2024_06_11,param_set_ids_class,0.6570475,0.0354949266,0.7026199298,0.334211081929953,numeric
5,paradox/default/snapshots/snapshot_2024_07_09,param_set_ids_class,0.6475785,0.0358077552,0.6946048251,0.334488069291187,numeric
5,paradox/default/snapshots/snapshot_2024_07_30,param_set_ids_class,0.004006,0.0001942206,0.0041889325,0.00382020492255439,numeric
50,paradox/default/snapshots/snapshot_2023_03_17,param_set_ids_class,0.096996,0.0029399958,0.107844572,0.150513349555479,categorical
50,paradox/default/snapshots/snapshot_2024_06_11,param_set_ids_class,0.6700395,0.0414045702,0.719780512,0.36387978102207,categorical
50,paradox/default/snapshots/snapshot_2024_07_09,param_set_ids_class,0.6725235,0.0413904855000001,0.7208831093,0.37616894364402,categorical
50,paradox/default/snapshots/snapshot_2024_07_30,param_set_ids_class,0.005759,0.0002238726,0.0059654469,0.00387092023582605,categorical
50,paradox/default/snapshots/snapshot_2023_03_17,param_set_ids_class,0.09984,0.0044685564,0.1101071574,0.151830437669862,mixed
50,paradox/default/snapshots/snapshot_2024_06_11,param_set_ids_class,0.6593685,0.0344622957,0.7047428729,0.348606226400843,mixed
50,paradox/default/snapshots/snapshot_2024_07_09,param_set_ids_class,0.6530935,0.0350204946,0.6991890859,0.335706015349347,mixed
50,paradox/default/snapshots/snapshot_2024_07_30,param_set_ids_class,0.005048,0.00022239,0.0052437763,0.00394919202845672,mixed
50,paradox/default/snapshots/snapshot_2023_03_17,param_set_ids_class,0.097806,0.0030445191,0.108853643,0.161216130194205,numeric
50,paradox/default/snapshots/snapshot_2024_06_11,param_set_ids_class,0.6715115,0.0376409901,0.7218999297,0.375216067742116,numeric
50,paradox/default/snapshots/snapshot_2024_07_09,param_set_ids_class,0.6598585,0.0366750762,0.707080484,0.359152358461675,numeric
50,paradox/default/snapshots/snapshot_2024_07_30,param_set_ids_class,0.005758,0.0002535246,0.005970254,0.00410911469745536,numeric
500,paradox/default/snapshots/snapshot_2023_03_17,param_set_ids_class,0.87672,0.0254273312999999,0.952608257,0.369673305990441,categorical
500,paradox/default/snapshots/snapshot_2024_06_11,param_set_ids_class,0.682233,0.0450502836,0.7177631916,0.282092996998722,categorical
500,paradox/default/snapshots/snapshot_2024_07_09,param_set_ids_class,0.666939,0.0438538254,0.7098262811,0.318454018546603,categorical
500,paradox/default/snapshots/snapshot_2024_07_30,param_set_ids_class,0.022273,0.000607866000000001,0.0226083714,0.00471533016925883,categorical
500,paradox/default/snapshots/snapshot_2023_03_17,param_set_ids_class,0.855862,0.0222278805,0.9208756428,0.322737458114993,mixed
500,paradox/default/snapshots/snapshot_2024_06_11,param_set_ids_class,0.6733645,0.0414045702,0.7073694163,0.279376961381668,mixed
500,paradox/default/snapshots/snapshot_2024_07_09,param_set_ids_class,0.6626775,0.0425402418,0.7067787049,0.312659751270273,mixed
500,paradox/default/snapshots/snapshot_2024_07_30,param_set_ids_class,0.014372,0.000372132599999999,0.0146851168,0.00429993612892436,mixed
500,paradox/default/snapshots/snapshot_2023_03_17,param_set_ids_class,0.8878435,0.024514791,0.9697201141,0.400038856251103,numeric
500,paradox/default/snapshots/snapshot_2024_06_11,param_set_ids_class,0.695449,0.0451533243,0.7375346587,0.329247095458862,numeric
500,paradox/default/snapshots/snapshot_2024_07_09,param_set_ids_class,0.670422,0.044692977,0.7176437813,0.349144152194909,numeric
500,paradox/default/snapshots/snapshot_2024_07_30,param_set_ids_class,0.0222885,0.000660498300000002,0.0227309103,0.0043083970035418,numeric
5,paradox/default/snapshots/snapshot_2023_03_17,param_set_ids_tags,0.033971,0.0010096506,0.0371889786,0.0626300802132561,categorical
5,paradox/default/snapshots/snapshot_2024_06_11,param_set_ids_tags,0.658469,0.0444483479999999,0.7129470251,0.356816887527134,categorical
5,paradox/default/snapshots/snapshot_2024_07_09,param_set_ids_tags,0.023656,0.000653826600000001,0.0241825863,0.00749187138811405,categorical
5,paradox/default/snapshots/snapshot_2024_07_30,param_set_ids_tags,0.004006,0.0001942206,0.0041963716,0.00395524253322892,categorical
5,paradox/default/snapshots/snapshot_2023_03_17,param_set_ids_tags,0.034452,0.001097124,0.037463676,0.0627529214135344,mixed
5,paradox/default/snapshots/snapshot_2024_06_11,param_set_ids_tags,0.65939,0.0490140146999999,0.7175574243,0.386676365686647,mixed
5,paradox/default/snapshots/snapshot_2024_07_09,param_set_ids_tags,0.024117,0.000815430000000003,0.0247188257,0.00809800596015912,mixed
5,paradox/default/snapshots/snapshot_2024_07_30,param_set_ids_tags,0.004086,0.000237215999999999,0.0043043919,0.00457556003257258,mixed
5,paradox/default/snapshots/snapshot_2023_03_17,param_set_ids_tags,0.0343665,0.00106080029999999,0.0376487724,0.0655554068328105,numeric
5,paradox/default/snapshots/snapshot_2024_06_11,param_set_ids_tags,0.6672165,0.0538769427,0.7162617522,0.340411093876582,numeric
5,paradox/default/snapshots/snapshot_2024_07_09,param_set_ids_tags,0.023826,0.000698304599999999,0.0243267505,0.00750409963683757,numeric
5,paradox/default/snapshots/snapshot_2024_07_30,param_set_ids_tags,0.003997,0.000191255400000001,0.0041740996,0.00383256115676996,numeric
50,paradox/default/snapshots/snapshot_2023_03_17,param_set_ids_tags,0.131587,0.0034144278,0.1418946813,0.146352933690824,categorical
50,paradox/default/snapshots/snapshot_2024_06_11,param_set_ids_tags,0.662725,0.0417603942,0.7178416978,0.378394004454067,categorical
50,paradox/default/snapshots/snapshot_2024_07_09,param_set_ids_tags,0.024938,0.0006686526,0.0254209374,0.00746969346248717,categorical
50,paradox/default/snapshots/snapshot_2024_07_30,param_set_ids_tags,0.014201,0.000237216000000001,0.0144602963,0.00415336732010496,categorical
50,paradox/default/snapshots/snapshot_2023_03_17,param_set_ids_tags,0.132509,0.004321779,0.1421759293,0.136208243325986,mixed
50,paradox/default/snapshots/snapshot_2024_06_11,param_set_ids_tags,0.6726345,0.0512186408999999,0.724714244,0.376231834904892,mixed
50,paradox/default/snapshots/snapshot_2024_07_09,param_set_ids_tags,0.0255135,0.000942192300000001,0.0261768044,0.00995843549253027,mixed
50,paradox/default/snapshots/snapshot_2024_07_30,param_set_ids_tags,0.014261,0.000252042,0.014603722,0.00417169846754609,mixed
50,paradox/default/snapshots/snapshot_2023_03_17,param_set_ids_tags,0.131968,0.004484865,0.1416715049,0.135337583979795,numeric
50,paradox/default/snapshots/snapshot_2024_06_11,param_set_ids_tags,0.6667705,0.0448938692999999,0.7184449286,0.365576011547603,numeric
50,paradox/default/snapshots/snapshot_2024_07_09,param_set_ids_tags,0.025318,0.000727956599999998,0.0258239583,0.00756280249764087,numeric
50,paradox/default/snapshots/snapshot_2024_07_30,param_set_ids_tags,0.014171,0.000222390000000001,0.0144121866,0.00392788301277885,numeric
500,paradox/default/snapshots/snapshot_2023_03_17,param_set_ids_tags,1.2141315,0.0260959839000002,1.2838922917,0.3705287787375,categorical
500,paradox/default/snapshots/snapshot_2024_06_11,param_set_ids_tags,0.7982375,0.0630675800999999,0.8584480821,0.352670675055749,categorical
500,paradox/default/snapshots/snapshot_2024_07_09,param_set_ids_tags,0.035643,0.0021512526,0.0382273369,0.00913432404653881,categorical
500,paradox/default/snapshots/snapshot_2024_07_30,param_set_ids_tags,0.951399,0.00225799979999991,0.9659903366,0.0402289515036498,categorical
500,paradox/default/snapshots/snapshot_2023_03_17,param_set_ids_tags,1.215467,0.0247060463999999,1.2938734015,0.385222114140322,mixed
500,paradox/default/snapshots/snapshot_2024_06_11,param_set_ids_tags,0.7963355,0.0626672781,0.8556109235,0.343005484802073,mixed
500,paradox/default/snapshots/snapshot_2024_07_09,param_set_ids_tags,0.035624,0.0021823872,0.0382367092,0.00995233235178365,mixed
500,paradox/default/snapshots/snapshot_2024_07_30,param_set_ids_tags,0.951338,0.00230247780000004,0.9644308965,0.0378435384137947,mixed
500,paradox/default/snapshots/snapshot_2023_03_17,param_set_ids_tags,1.219226,0.0214932522,1.2919349134,0.383499045245572,numeric
500,paradox/default/snapshots/snapshot_2024_06_11,param_set_ids_tags,0.787648,0.0598911096,0.8469580697,0.339594487593917,numeric
500,paradox/default/snapshots/snapshot_2024_07_09,param_set_ids_tags,0.035203,0.0021393918,0.0375336822,0.00879221686047013,numeric
500,paradox/default/snapshots/snapshot_2024_07_30,param_set_ids_tags,0.951289,0.00186955859999994,0.9623358369,0.0367377718307576,numeric
5,paradox/default/snapshots/snapshot_2023_03_17,param_set_ids_class_tags,0.045899,0.0012780012,0.0492178243,0.063443013430241,categorical
5,paradox/default/snapshots/snapshot_2024_06_11,param_set_ids_class_tags,1.365875,0.0964905732000001,1.4687079496,0.498747241140423,categorical
5,paradox/default/snapshots/snapshot_2024_07_09,param_set_ids_class_tags,1.3937455,0.0982763649,1.4977490848,0.528288741348073,categorical
5,paradox/default/snapshots/snapshot_2024_07_30,param_set_ids_class_tags,0.004076,0.000192738,0.0042734975,0.00412801369945692,categorical
5,paradox/default/snapshots/snapshot_2023_03_17,param_set_ids_class_tags,0.045879,0.00135064859999999,0.0493745297,0.0641122730788486,mixed
5,paradox/default/snapshots/snapshot_2024_06_11,param_set_ids_class_tags,1.3630605,0.1014357855,1.4609418725,0.495736741546256,mixed
5,paradox/default/snapshots/snapshot_2024_07_09,param_set_ids_class_tags,1.375669,0.0934542083999997,1.4762846147,0.498134683757522,mixed
5,paradox/default/snapshots/snapshot_2024_07_30,param_set_ids_class_tags,0.004016,0.000207563999999999,0.0042057263,0.00401044411248758,mixed
5,paradox/default/snapshots/snapshot_2023_03_17,param_set_ids_class_tags,0.045618,0.0011430846,0.0489335259,0.0656715591985822,numeric
5,paradox/default/snapshots/snapshot_2024_06_11,param_set_ids_class_tags,1.366291,0.0942785340000001,1.472672194,0.515663524511249,numeric
5,paradox/default/snapshots/snapshot_2024_07_09,param_set_ids_class_tags,1.364819,0.0901961948999999,1.4640067424,0.471648600014361,numeric
5,paradox/default/snapshots/snapshot_2024_07_30,param_set_ids_class_tags,0.004096,0.000207563999999999,0.004283405,0.00397024979996504,numeric
50,paradox/default/snapshots/snapshot_2023_03_17,param_set_ids_class_tags,0.212083,0.00762501179999997,0.2307816644,0.200498389409571,categorical
50,paradox/default/snapshots/snapshot_2024_06_11,param_set_ids_class_tags,1.3681785,0.0980302532999999,1.461785078,0.480019457793101,categorical
50,paradox/default/snapshots/snapshot_2024_07_09,param_set_ids_class_tags,1.393711,0.0993342000000002,1.4851530999,0.491007377795449,categorical
50,paradox/default/snapshots/snapshot_2024_07_30,param_set_ids_class_tags,0.014422,0.0002238726,0.0147004661,0.00422559142127309,categorical
50,paradox/default/snapshots/snapshot_2023_03_17,param_set_ids_class_tags,0.212128,0.00751233420000002,0.2293955767,0.187059406845234,mixed
50,paradox/default/snapshots/snapshot_2024_06_11,param_set_ids_class_tags,1.362139,0.0984438986999999,1.4540166555,0.475158523072544,mixed
50,paradox/default/snapshots/snapshot_2024_07_09,param_set_ids_class_tags,1.374938,0.0900397806,1.4783939424,0.497196428660954,mixed
50,paradox/default/snapshots/snapshot_2024_07_30,param_set_ids_class_tags,0.009354,0.000222390000000001,0.0095798974,0.00407544021116305,mixed
50,paradox/default/snapshots/snapshot_2023_03_17,param_set_ids_class_tags,0.210977,0.00718764479999999,0.2292591325,0.195499993603609,numeric
50,paradox/default/snapshots/snapshot_2024_06_11,param_set_ids_class_tags,1.3636215,0.0963875324999999,1.4653165803,0.503104764564893,numeric
50,paradox/default/snapshots/snapshot_2024_07_09,param_set_ids_class_tags,1.387084,0.0962770788000002,1.4929331477,0.517481819520606,numeric
50,paradox/default/snapshots/snapshot_2024_07_30,param_set_ids_class_tags,0.014431,0.000235733399999999,0.014731711,0.00408033163945136,numeric
500,paradox/default/snapshots/snapshot_2023_03_17,param_set_ids_class_tags,2.082638,0.0510770526000003,2.2223401592,0.536786283840412,categorical
500,paradox/default/snapshots/snapshot_2024_06_11,param_set_ids_class_tags,1.475925,0.0999435486,1.5807245603,0.543524234112191,categorical
500,paradox/default/snapshots/snapshot_2024_07_09,param_set_ids_class_tags,1.55969,0.1029576744,1.6585341485,0.598536953654618,categorical
500,paradox/default/snapshots/snapshot_2024_07_30,param_set_ids_class_tags,0.953108,0.0023469558,0.963193722,0.0340077904444674,categorical
500,paradox/default/snapshots/snapshot_2023_03_17,param_set_ids_class_tags,2.051902,0.0405787619999998,2.1893497491,0.516932563620848,mixed
500,paradox/default/snapshots/snapshot_2024_06_11,param_set_ids_class_tags,1.437142,0.0981762894,1.5415696934,0.560021581352487,mixed
500,paradox/default/snapshots/snapshot_2024_07_09,param_set_ids_class_tags,1.523912,0.109282446,1.6205288595,0.561771844788129,mixed
500,paradox/default/snapshots/snapshot_2024_07_30,param_set_ids_class_tags,0.4824325,0.00684442290000003,0.4899680419,0.0221427169101346,mixed
500,paradox/default/snapshots/snapshot_2023_03_17,param_set_ids_class_tags,2.059162,0.0306238443000002,2.2062756242,0.544314194555455,numeric
500,paradox/default/snapshots/snapshot_2024_06_11,param_set_ids_class_tags,1.48145,0.1033735437,1.5772874919,0.536713223550912,numeric
500,paradox/default/snapshots/snapshot_2024_07_09,param_set_ids_class_tags,1.5443495,0.0994461362999999,1.6305445978,0.466019847575247,numeric
500,paradox/default/snapshots/snapshot_2024_07_30,param_set_ids_class_tags,0.953522,0.00285103980000001,0.9618608699,0.0284777979762469,numeric
5,paradox/default/snapshots/snapshot_2023_03_17,param_set_get_values,0.058178,0.0015611778,0.0622851074,0.0677236161229061,categorical
5,paradox/default/snapshots/snapshot_2024_06_11,param_set_get_values,0.7209325,0.0462682395000001,0.7783537803,0.363006979607987,categorical
5,paradox/default/snapshots/snapshot_2024_07_09,param_set_get_values,0.065549,0.0017524332,0.0714025286,0.0866757401874809,categorical
5,paradox/default/snapshots/snapshot_2024_07_30,param_set_get_values,0.028223,0.000713130599999998,0.0290215124,0.0146444467183303,categorical
5,paradox/default/snapshots/snapshot_2023_03_17,param_set_get_values,0.058388,0.0016783032,0.0623983979,0.0675895824679336,mixed
5,paradox/default/snapshots/snapshot_2024_06_11,param_set_get_values,0.714943,0.0467945625,0.7720951649,0.348470040090806,mixed
5,paradox/default/snapshots/snapshot_2024_07_09,param_set_get_values,0.065709,0.00190217580000001,0.0718012977,0.0915512488559877,mixed
5,paradox/default/snapshots/snapshot_2024_07_30,param_set_get_values,0.028173,0.000713130599999998,0.028973886,0.0145365090898763,mixed
5,paradox/default/snapshots/snapshot_2023_03_17,param_set_get_values,0.058067,0.0017079552,0.0622415934,0.0708092736312306,numeric
5,paradox/default/snapshots/snapshot_2024_06_11,param_set_get_values,0.721006,0.0526449021,0.7796476183,0.363975643890136,numeric
5,paradox/default/snapshots/snapshot_2024_07_09,param_set_get_values,0.065448,0.00178208520000001,0.0714692951,0.0908927285485155,numeric
5,paradox/default/snapshots/snapshot_2024_07_30,param_set_get_values,0.027772,0.000698304600000004,0.0285799061,0.0145219174011004,numeric
50,paradox/default/snapshots/snapshot_2023_03_17,param_set_get_values,0.145689,0.00534551430000002,0.1585353275,0.162121237487293,categorical
50,paradox/default/snapshots/snapshot_2024_06_11,param_set_get_values,0.728337,0.0501126213,0.7883663538,0.388778816256533,categorical
50,paradox/default/snapshots/snapshot_2024_07_09,param_set_get_values,0.06632,0.00172129859999999,0.0726812444,0.0955509976825532,categorical
50,paradox/default/snapshots/snapshot_2024_07_30,param_set_get_values,0.03978,0.000979998600000003,0.0406591233,0.0151415416299329,categorical
50,paradox/default/snapshots/snapshot_2023_03_17,param_set_get_values,0.14623,0.00545003760000002,0.1588008108,0.160173479979052,mixed
50,paradox/default/snapshots/snapshot_2024_06_11,param_set_get_values,0.73343,0.0483913227,0.7943509583,0.401871004154548,mixed
50,paradox/default/snapshots/snapshot_2024_07_09,param_set_get_values,0.06676,0.00178060259999999,0.0732580241,0.097457429251965,mixed
50,paradox/default/snapshots/snapshot_2024_07_30,param_set_get_values,0.039619,0.000831738599999999,0.0404804029,0.0147858582880908,mixed
50,paradox/default/snapshots/snapshot_2023_03_17,param_set_get_values,0.145939,0.00491481900000002,0.1596521156,0.171622021439069,numeric
50,paradox/default/snapshots/snapshot_2024_06_11,param_set_get_values,0.744035,0.0529265961,0.8071040769,0.446205807639022,numeric
50,paradox/default/snapshots/snapshot_2024_07_09,param_set_get_values,0.067681,0.00225799979999999,0.0742862421,0.0992016170395575,numeric
50,paradox/default/snapshots/snapshot_2024_07_30,param_set_get_values,0.039799,0.000904385999999999,0.0406663276,0.0149101864942464,numeric
500,paradox/default/snapshots/snapshot_2023_03_17,param_set_get_values,1.1122475,0.0200469758999999,1.1777375847,0.352434405605902,categorical
500,paradox/default/snapshots/snapshot_2024_06_11,param_set_get_values,0.856859,0.0621995177999999,0.9218112619,0.364623150305926,categorical
500,paradox/default/snapshots/snapshot_2024_07_09,param_set_get_values,0.070586,0.00210825719999999,0.0773938963,0.10250829761278,categorical
500,paradox/default/snapshots/snapshot_2024_07_30,param_set_get_values,0.987713,0.00553825229999992,1.0091442085,0.0494646378508405,categorical
500,paradox/default/snapshots/snapshot_2023_03_17,param_set_get_values,1.113492,0.0242597837999999,1.1762095799,0.342900439735522,mixed
500,paradox/default/snapshots/snapshot_2024_06_11,param_set_get_values,0.8795155,0.0698408382,0.9333078229,0.365996716630849,mixed
500,paradox/default/snapshots/snapshot_2024_07_09,param_set_get_values,0.070796,0.0018710412,0.0773716852,0.0997067306006701,mixed
500,paradox/default/snapshots/snapshot_2024_07_30,param_set_get_values,0.988441,0.00635442360000002,1.0149434787,0.0540265362363118,mixed
500,paradox/default/snapshots/snapshot_2023_03_17,param_set_get_values,1.1026655,0.0193264323000001,1.1644398844,0.337391068345826,numeric
500,paradox/default/snapshots/snapshot_2024_06_11,param_set_get_values,0.854748,0.0646628577,0.9174624801,0.362079648147817,numeric
500,paradox/default/snapshots/snapshot_2024_07_09,param_set_get_values,0.070606,0.00200447519999999,0.0770448606,0.0983671544405928,numeric
500,paradox/default/snapshots/snapshot_2024_07_30,param_set_get_values,0.989513,0.00942933599999988,1.0359487912,0.0661914065699406,numeric
5,paradox/default/snapshots/snapshot_2023_03_17,param_set_get_values_class,0.071367,0.00212456580000001,0.077823681,0.0927405724125681,categorical
5,paradox/default/snapshots/snapshot_2024_06_11,param_set_get_values_class,1.4608515,0.1013527599,1.5677475758,0.519293116578112,categorical
5,paradox/default/snapshots/snapshot_2024_07_09,param_set_get_values_class,0.7385885,0.0418656588,0.7914809088,0.3798855488863,categorical
5,paradox/default/snapshots/snapshot_2024_07_30,param_set_get_values_class,0.028332,0.000772434600000001,0.0292380842,0.015671092880521,categorical
5,paradox/default/snapshots/snapshot_2023_03_17,param_set_get_values_class,0.072378,0.00279025319999999,0.0792338608,0.0990877399639862,mixed
5,paradox/default/snapshots/snapshot_2024_06_11,param_set_get_values_class,1.4429225,0.0966254897999999,1.5440626271,0.494819152930568,mixed
5,paradox/default/snapshots/snapshot_2024_07_09,param_set_get_values_class,0.7248975,0.0366973152,0.7730840409,0.336554991937365,mixed
5,paradox/default/snapshots/snapshot_2024_07_30,param_set_get_values_class,0.028112,0.000713130600000003,0.028910108,0.0142225527711121,mixed
5,paradox/default/snapshots/snapshot_2023_03_17,param_set_get_values_class,0.070606,0.0018710412,0.0774212837,0.0977416061150461,numeric
5,paradox/default/snapshots/snapshot_2024_06_11,param_set_get_values_class,1.4502095,0.0990310083,1.5538277607,0.485787447976287,numeric
5,paradox/default/snapshots/snapshot_2024_07_09,param_set_get_values_class,0.730545,0.039459399,0.7791654741,0.345102898571474,numeric
5,paradox/default/snapshots/snapshot_2024_07_30,param_set_get_values_class,0.028183,0.000770951999999999,0.0290336251,0.0151206611177228,numeric
50,paradox/default/snapshots/snapshot_2023_03_17,param_set_get_values_class,0.2311575,0.01030407,0.2535722928,0.226007958769196,categorical
50,paradox/default/snapshots/snapshot_2024_06_11,param_set_get_values_class,1.46324,0.0990665906999999,1.5688318022,0.517864184970835,categorical
50,paradox/default/snapshots/snapshot_2024_07_09,param_set_get_values_class,0.732575,0.0389093544,0.7823590449,0.351983537434625,categorical
50,paradox/default/snapshots/snapshot_2024_07_30,param_set_get_values_class,0.039949,0.0010096506,0.0410039735,0.014773694208046,categorical
50,paradox/default/snapshots/snapshot_2023_03_17,param_set_get_values_class,0.2302355,0.00825734069999999,0.2484272777,0.191235747709718,mixed
50,paradox/default/snapshots/snapshot_2024_06_11,param_set_get_values_class,1.459699,0.0983238081000001,1.5602913709,0.507478889322846,mixed
50,paradox/default/snapshots/snapshot_2024_07_09,param_set_get_values_class,0.737257,0.0403430286000001,0.786557165,0.348581501402443,mixed
50,paradox/default/snapshots/snapshot_2024_07_30,param_set_get_values_class,0.039118,0.000903644699999998,0.0399495145,0.0146337283388991,mixed
50,paradox/default/snapshots/snapshot_2023_03_17,param_set_get_values_class,0.228572,0.00778216740000001,0.2472801692,0.195405293931991,numeric
50,paradox/default/snapshots/snapshot_2024_06_11,param_set_get_values_class,1.449716,0.0951554919,1.5547912665,0.491767896729975,numeric
50,paradox/default/snapshots/snapshot_2024_07_09,param_set_get_values_class,0.7338765,0.0382258758,0.7850202264,0.353410287434291,numeric
50,paradox/default/snapshots/snapshot_2024_07_30,param_set_get_values_class,0.03986,0.000845082000000002,0.0407520312,0.0147431353175207,numeric
500,paradox/default/snapshots/snapshot_2023_03_17,param_set_get_values_class,1.964462,0.0454157444999999,2.0932511466,0.515481473765951,categorical
500,paradox/default/snapshots/snapshot_2024_06_11,param_set_get_values_class,1.579353,0.1000117482,1.6881907348,0.538762898558077,categorical
500,paradox/default/snapshots/snapshot_2024_07_09,param_set_get_values_class,0.751509,0.0469858179000001,0.7993732961,0.345814900129556,categorical
500,paradox/default/snapshots/snapshot_2024_07_30,param_set_get_values_class,0.990046,0.00706755419999995,1.0181247316,0.0555452474691868,categorical
500,paradox/default/snapshots/snapshot_2023_03_17,param_set_get_values_class,1.963651,0.0422022090000001,2.0954303007,0.514195748604254,mixed
500,paradox/default/snapshots/snapshot_2024_06_11,param_set_get_values_class,1.597151,0.1015996128,1.701524651,0.548448778463174,mixed
500,paradox/default/snapshots/snapshot_2024_07_09,param_set_get_values_class,0.750852,0.0468983445,0.7988171435,0.343282785021206,mixed
500,paradox/default/snapshots/snapshot_2024_07_30,param_set_get_values_class,0.981151,0.00372577379999998,0.9940237674,0.0397565967744198,mixed
500,paradox/default/snapshots/snapshot_2023_03_17,param_set_get_values_class,1.944909,0.0406343595,2.0861157635,0.53802346194241,numeric
500,paradox/default/snapshots/snapshot_2024_06_11,param_set_get_values_class,1.5937015,0.102240096,1.7039483675,0.572888746449257,numeric
500,paradox/default/snapshots/snapshot_2024_07_09,param_set_get_values_class,0.7556535,0.0445069107,0.8041949007,0.36742975730031,numeric
500,paradox/default/snapshots/snapshot_2024_07_30,param_set_get_values_class,0.989013,0.00414386699999999,0.9989738538,0.035845494354052,numeric
5,paradox/default/snapshots/snapshot_2023_03_17,param_set_get_values_tags,0.073911,0.00236029919999999,0.0808126799,0.100363718196909,categorical
5,paradox/default/snapshots/snapshot_2024_06_11,param_set_get_values_tags,1.384581,0.1142321061,1.4991279909,0.5243413293843,categorical
5,paradox/default/snapshots/snapshot_2024_07_09,param_set_get_values_tags,0.069013,0.00233064720000001,0.0753326305,0.0934142947642747,categorical
5,paradox/default/snapshots/snapshot_2024_07_30,param_set_get_values_tags,0.028283,0.000770951999999999,0.0290946866,0.0145809293935667,categorical
5,paradox/default/snapshots/snapshot_2023_03_17,param_set_get_values_tags,0.074142,0.00243442920000001,0.0806981521,0.0956658551553052,mixed
5,paradox/default/snapshots/snapshot_2024_06_11,param_set_get_values_tags,1.3668455,0.1115560131,1.4765218974,0.506682036567517,mixed
5,paradox/default/snapshots/snapshot_2024_07_09,param_set_get_values_tags,0.068944,0.00206377919999999,0.0751416492,0.0916459887881114,mixed
5,paradox/default/snapshots/snapshot_2024_07_30,param_set_get_values_tags,0.028273,0.0006686526,0.029070797,0.0144629831745467,mixed
5,paradox/default/snapshots/snapshot_2023_03_17,param_set_get_values_tags,0.072849,0.00194517120000001,0.0794439058,0.0936923179194465,numeric
5,paradox/default/snapshots/snapshot_2024_06_11,param_set_get_values_tags,1.3913075,0.1179460191,1.4971563438,0.498898960308189,numeric
5,paradox/default/snapshots/snapshot_2024_07_09,param_set_get_values_tags,0.068683,0.00172278119999999,0.074961072,0.0906349437271843,numeric
5,paradox/default/snapshots/snapshot_2024_07_30,param_set_get_values_tags,0.028313,0.000727956600000003,0.0291121866,0.0143485928676198,numeric
50,paradox/default/snapshots/snapshot_2023_03_17,param_set_get_values_tags,0.261392,0.00809351339999999,0.2819847468,0.199139359764328,categorical
50,paradox/default/snapshots/snapshot_2024_06_11,param_set_get_values_tags,1.434511,0.1253345562,1.5326051793,0.569465655585559,categorical
50,paradox/default/snapshots/snapshot_2024_07_09,param_set_get_values_tags,0.071027,0.00231582119999999,0.0781120341,0.108600579142189,categorical
50,paradox/default/snapshots/snapshot_2024_07_30,param_set_get_values_tags,0.048693,0.000979998600000003,0.0498035165,0.0163994627698971,categorical
50,paradox/default/snapshots/snapshot_2023_03_17,param_set_get_values_tags,0.261703,0.00820322579999997,0.2802432043,0.184500255455691,mixed
50,paradox/default/snapshots/snapshot_2024_06_11,param_set_get_values_tags,1.446025,0.1285110267,1.5510184041,0.60092425043225,mixed
50,paradox/default/snapshots/snapshot_2024_07_09,param_set_get_values_tags,0.070886,0.00209343119999999,0.0777461294,0.104690066353867,mixed
50,paradox/default/snapshots/snapshot_2024_07_30,param_set_get_values_tags,0.048393,0.000889560000000005,0.049381814,0.0150886217584861,mixed
50,paradox/default/snapshots/snapshot_2023_03_17,param_set_get_values_tags,0.2624035,0.00786889950000003,0.2822922741,0.195128752895096,numeric
50,paradox/default/snapshots/snapshot_2024_06_11,param_set_get_values_tags,1.4292545,0.1230476457,1.536579276,0.554887946733901,numeric
50,paradox/default/snapshots/snapshot_2024_07_09,param_set_get_values_tags,0.071107,0.0025100418,0.0783664373,0.110768705517288,numeric
50,paradox/default/snapshots/snapshot_2024_07_30,param_set_get_values_tags,0.048563,0.0010022376,0.0495116663,0.0148599611005795,numeric
500,paradox/default/snapshots/snapshot_2023_03_17,param_set_get_values_tags,2.310396,0.0523987904999998,2.4442947366,0.513060694246454,categorical
500,paradox/default/snapshots/snapshot_2024_06_11,param_set_get_values_tags,1.644869,0.122321913,1.779062518,0.622151561528381,categorical
500,paradox/default/snapshots/snapshot_2024_07_09,param_set_get_values_tags,0.084146,0.00236029919999999,0.0919056387,0.117353058135586,categorical
500,paradox/default/snapshots/snapshot_2024_07_30,param_set_get_values_tags,1.919389,0.00544558980000006,1.92386457,0.0209352948358624,categorical
500,paradox/default/snapshots/snapshot_2023_03_17,param_set_get_values_tags,2.328841,0.0551015702999999,2.4644683444,0.522954805418388,mixed
500,paradox/default/snapshots/snapshot_2024_06_11,param_set_get_values_tags,1.640707,0.1158666726,1.7693515096,0.625672273677548,mixed
500,paradox/default/snapshots/snapshot_2024_07_09,param_set_get_values_tags,0.084247,0.0026138238,0.091993747,0.121397096341599,mixed
500,paradox/default/snapshots/snapshot_2024_07_30,param_set_get_values_tags,1.9216205,0.0105598185000002,1.9645735094,0.0919110578352037,mixed
500,paradox/default/snapshots/snapshot_2023_03_17,param_set_get_values_tags,2.298699,0.0505336797000001,2.4316786125,0.514834764374093,numeric
500,paradox/default/snapshots/snapshot_2024_06_11,param_set_get_values_tags,1.6318775,0.1113417774,1.7617023907,0.618273601605253,numeric
500,paradox/default/snapshots/snapshot_2024_07_09,param_set_get_values_tags,0.084557,0.00286586579999999,0.0929523113,0.131463509673977,numeric
500,paradox/default/snapshots/snapshot_2024_07_30,param_set_get_values_tags,1.920854,0.00881628089999995,1.9661742379,0.10078960368563,numeric
5,paradox/default/snapshots/snapshot_2023_03_17,param_set_get_values_class_tags,0.084877,0.00212308319999998,0.0914638437,0.0950031752684329,categorical
5,paradox/default/snapshots/snapshot_2024_06_11,param_set_get_values_class_tags,2.1352145,0.1500102093,2.3123861077,0.751939086288884,categorical
5,paradox/default/snapshots/snapshot_2024_07_09,param_set_get_values_class_tags,1.471922,0.1032571596,1.5680423472,0.497443755376946,categorical
5,paradox/default/snapshots/snapshot_2024_07_30,param_set_get_values_class_tags,0.028373,0.000816912599999999,0.0294382006,0.0149630143837899,categorical
5,paradox/default/snapshots/snapshot_2023_03_17,param_set_get_values_class_tags,0.08683,0.0027020385,0.0939449609,0.103156156257994,mixed
5,paradox/default/snapshots/snapshot_2024_06_11,param_set_get_values_class_tags,2.09082,0.126399063,2.2682634637,0.712157001127073,mixed
5,paradox/default/snapshots/snapshot_2024_07_09,param_set_get_values_class_tags,1.4584165,0.0999176031,1.5604230249,0.490144232769448,mixed
5,paradox/default/snapshots/snapshot_2024_07_30,param_set_get_values_class_tags,0.028132,0.000696822000000003,0.0289312641,0.0144280391817604,mixed
5,paradox/default/snapshots/snapshot_2023_03_17,param_set_get_values_class_tags,0.084987,0.00210751589999999,0.0913745727,0.090868741868177,numeric
5,paradox/default/snapshots/snapshot_2024_06_11,param_set_get_values_class_tags,2.1401985,0.1499627661,2.3125592373,0.720983157310599,numeric
5,paradox/default/snapshots/snapshot_2024_07_09,param_set_get_values_class_tags,1.449569,0.0934890494999998,1.5530039622,0.477023158815426,numeric
5,paradox/default/snapshots/snapshot_2024_07_30,param_set_get_values_class_tags,0.028423,0.000726474000000001,0.0292656249,0.0144702878553905,numeric
50,paradox/default/snapshots/snapshot_2023_03_17,param_set_get_values_class_tags,0.3433755,0.0102907266,0.3682773106,0.22061956717032,categorical
50,paradox/default/snapshots/snapshot_2024_06_11,param_set_get_values_class_tags,2.1494955,0.1524172104,2.3262811192,0.756017340552203,categorical
50,paradox/default/snapshots/snapshot_2024_07_09,param_set_get_values_class_tags,1.4606295,0.0914549223000001,1.5667156905,0.489240934731197,categorical
50,paradox/default/snapshots/snapshot_2024_07_30,param_set_get_values_class_tags,0.048884,0.000950346600000004,0.0498040627,0.0149921586346337,categorical
50,paradox/default/snapshots/snapshot_2023_03_17,param_set_get_values_class_tags,0.347186,0.011156565,0.3726244762,0.226800680328449,mixed
50,paradox/default/snapshots/snapshot_2024_06_11,param_set_get_values_class_tags,2.142318,0.1430716413,2.320748071,0.753611743627482,mixed
50,paradox/default/snapshots/snapshot_2024_07_09,param_set_get_values_class_tags,1.4649695,0.0933289287,1.5697243611,0.506485995409354,mixed
50,paradox/default/snapshots/snapshot_2024_07_30,param_set_get_values_class_tags,0.043506,0.000848047200000005,0.0443823922,0.0149236794980378,mixed
50,paradox/default/snapshots/snapshot_2023_03_17,param_set_get_values_class_tags,0.3422435,0.00999346530000006,0.3674631379,0.2181614142524,numeric
50,paradox/default/snapshots/snapshot_2024_06_11,param_set_get_values_class_tags,2.136643,0.1355874765,2.3169100163,0.741918846197647,numeric
50,paradox/default/snapshots/snapshot_2024_07_09,param_set_get_values_class_tags,1.4938155,0.1033068267,1.5974456602,0.545923280698025,numeric
50,paradox/default/snapshots/snapshot_2024_07_30,param_set_get_values_class_tags,0.049194,0.00108378059999999,0.0502489534,0.0160400959435851,numeric
500,paradox/default/snapshots/snapshot_2023_03_17,param_set_get_values_class_tags,3.1805705,0.0804807171000002,3.4617092832,2.52536079327568,categorical
500,paradox/default/snapshots/snapshot_2024_06_11,param_set_get_values_class_tags,2.338614,0.1343413512,2.5280999854,0.725522169759065,categorical
500,paradox/default/snapshots/snapshot_2024_07_09,param_set_get_values_class_tags,1.64774,0.1040510919,1.7522393956,0.60436150374638,categorical
500,paradox/default/snapshots/snapshot_2024_07_30,param_set_get_values_class_tags,1.922555,0.00810982200000013,1.9650113286,0.0949978961851818,categorical
500,paradox/default/snapshots/snapshot_2023_03_17,param_set_get_values_class_tags,3.163868,0.0757349144999999,3.4405088676,2.47661956532571,mixed
500,paradox/default/snapshots/snapshot_2024_06_11,param_set_get_values_class_tags,2.307623,0.1197377412,2.4948641066,0.689955506194263,mixed
500,paradox/default/snapshots/snapshot_2024_07_09,param_set_get_values_class_tags,1.625995,0.1080845052,1.7292541143,0.600565847441215,mixed
500,paradox/default/snapshots/snapshot_2024_07_30,param_set_get_values_class_tags,1.449835,0.0103174133999999,1.4660633801,0.0511584861973889,mixed
500,paradox/default/snapshots/snapshot_2023_03_17,param_set_get_values_class_tags,3.1646255,0.0711232871999999,3.4554665447,2.59385271602233,numeric
500,paradox/default/snapshots/snapshot_2024_06_11,param_set_get_values_class_tags,2.3330425,0.109067469000001,2.5302392061,0.725536208151074,numeric
500,paradox/default/snapshots/snapshot_2024_07_09,param_set_get_values_class_tags,1.6315435,0.0995751224999997,1.7354238849,0.569569166432838,numeric
500,paradox/default/snapshots/snapshot_2024_07_30,param_set_get_values_class_tags,1.920612,0.00507790500000002,1.9246419458,0.0247837388038563,numeric
5,paradox/default/snapshots/snapshot_2023_03_17,param_set_set_values,0.3406115,0.0128133705,0.3685029165,0.218271152604183,categorical
5,paradox/default/snapshots/snapshot_2024_06_11,param_set_set_values,2.634411,0.1126887195,2.8420659857,0.771786964090531,categorical
5,paradox/default/snapshots/snapshot_2024_07_09,param_set_set_values,0.368902,0.0130780146,0.3973522877,0.237047256322478,categorical
5,paradox/default/snapshots/snapshot_2024_07_30,param_set_set_values,2.6435595,0.1263983217,2.8416004887,0.781409811054153,categorical
5,paradox/default/snapshots/snapshot_2023_03_17,param_set_set_values,0.3490275,0.0126702996,0.3775687099,0.219332949678044,mixed
5,paradox/default/snapshots/snapshot_2024_06_11,param_set_set_values,3.0166345,0.1586804541,3.2663742519,0.912493862519532,mixed
5,paradox/default/snapshots/snapshot_2024_07_09,param_set_set_values,0.4823185,0.0201870816,0.5183970266,0.278616559027477,mixed
5,paradox/default/snapshots/snapshot_2024_07_30,param_set_set_values,2.987045,0.1264146303,3.2329035372,0.860740351421228,mixed
5,paradox/default/snapshots/snapshot_2023_03_17,param_set_set_values,0.354922,0.0133322805,0.3836228463,0.223796114818676,numeric
5,paradox/default/snapshots/snapshot_2024_06_11,param_set_set_values,2.665615,0.1104729738,2.8768184961,0.774456457955604,numeric
5,paradox/default/snapshots/snapshot_2024_07_09,param_set_set_values,0.3954085,0.014544306,0.4270863753,0.258015966489668,numeric
5,paradox/default/snapshots/snapshot_2024_07_30,param_set_set_values,2.6517795,0.1080948834,2.8618603431,0.760451292556368,numeric
50,paradox/default/snapshots/snapshot_2023_03_17,param_set_set_values,1.2588025,0.0482475105,1.3605443634,0.44503062043063,categorical
50,paradox/default/snapshots/snapshot_2024_06_11,param_set_set_values,4.435715,0.1884466143,4.8852617125,2.6406122919638,categorical
50,paradox/default/snapshots/snapshot_2024_07_09,param_set_set_values,1.433357,0.0507130742999998,1.5654012559,0.558612777292785,categorical
50,paradox/default/snapshots/snapshot_2024_07_30,param_set_set_values,4.416674,0.176214423000001,4.8858337586,2.68901914020366,categorical
50,paradox/default/snapshots/snapshot_2023_03_17,param_set_set_values,1.3270805,0.0359204328000002,1.4268853831,0.444029553924231,mixed
50,paradox/default/snapshots/snapshot_2024_06_11,param_set_set_values,4.7937145,0.2036061993,5.2985319896,2.69876801103038,mixed
50,paradox/default/snapshots/snapshot_2024_07_09,param_set_set_values,1.5615035,0.0515099718,1.7006889266,0.583593831234764,mixed
50,paradox/default/snapshots/snapshot_2024_07_30,param_set_set_values,4.764868,0.2136545208,5.2676258108,2.63068871605539,mixed
50,paradox/default/snapshots/snapshot_2023_03_17,param_set_set_values,1.3749805,0.0416247363,1.4759572248,0.455441274652442,numeric
50,paradox/default/snapshots/snapshot_2024_06_11,param_set_set_values,4.4442615,0.1734093438,4.8879644592,2.5748069387349,numeric
50,paradox/default/snapshots/snapshot_2024_07_09,param_set_set_values,1.4543125,0.0446937183000001,1.5797902104,0.517793002932014,numeric
50,paradox/default/snapshots/snapshot_2024_07_30,param_set_set_values,4.4916715,0.181167048300001,4.969410039,2.71587784770229,numeric
500,paradox/default/snapshots/snapshot_2023_03_17,param_set_set_values,15.6903065,0.540620453100002,16.0949643986,2.94321536317455,categorical
500,paradox/default/snapshots/snapshot_2024_06_11,param_set_set_values,22.691847,1.9444513977,23.8057783725,5.13952060485561,categorical
500,paradox/default/snapshots/snapshot_2024_07_09,param_set_set_values,11.7828115,0.402965490899998,12.2541006389,2.75182830387157,categorical
500,paradox/default/snapshots/snapshot_2024_07_30,param_set_set_values,22.1142345,1.5171334605,23.3540501723,4.88538250588921,categorical
500,paradox/default/snapshots/snapshot_2023_03_17,param_set_set_values,16.6204605,0.6618111423,17.1413278669,3.08825479118751,mixed
500,paradox/default/snapshots/snapshot_2024_06_11,param_set_set_values,22.857243,1.8004872312,23.7946302164,4.88512382576083,mixed
500,paradox/default/snapshots/snapshot_2024_07_09,param_set_set_values,11.956589,0.365225907900001,12.4499074171,2.77258832398634,mixed
500,paradox/default/snapshots/snapshot_2024_07_30,param_set_set_values,23.1555435,1.7964212007,24.2358984372,5.0507478506759,mixed
500,paradox/default/snapshots/snapshot_2023_03_17,param_set_set_values,17.2634885,0.734870705100001,17.7587300638,3.04263108571474,numeric
500,paradox/default/snapshots/snapshot_2024_06_11,param_set_set_values,22.6815515,1.7999935254,23.8240774998,4.99232951073421,numeric
500,paradox/default/snapshots/snapshot_2024_07_09,param_set_set_values,11.7798115,0.370778986200002,12.2937020119,2.71379581609336,numeric
500,paradox/default/snapshots/snapshot_2024_07_30,param_set_set_values,22.944016,2.0202604422,24.0721709829,5.16299557504522,numeric
5,paradox/default/snapshots/snapshot_2023_03_17,param_set_lower,0.012339,0.000386958599999999,0.0126958336,0.00648489228370866,categorical
5,paradox/default/snapshots/snapshot_2024_06_11,param_set_lower,0.004507,0.00022239,0.0046627162,0.002626732625085,categorical
5,paradox/default/snapshots/snapshot_2024_07_09,param_set_lower,0.004487,0.000207563999999999,0.0046471889,0.00301057606677562,categorical
5,paradox/default/snapshots/snapshot_2024_07_30,param_set_lower,0.004507,0.000207564000000001,0.0046610384,0.00268225811099209,categorical
5,paradox/default/snapshots/snapshot_2023_03_17,param_set_lower,0.011797,0.0004529343,0.0121532219,0.00631147509349803,mixed
5,paradox/default/snapshots/snapshot_2024_06_11,param_set_lower,0.004487,0.000207564000000001,0.0046351475,0.00261141004864957,mixed
5,paradox/default/snapshots/snapshot_2024_07_09,param_set_lower,0.004467,0.0001942206,0.0046199621,0.00284291601290105,mixed
5,paradox/default/snapshots/snapshot_2024_07_30,param_set_lower,0.004527,0.000207564000000001,0.0046735535,0.00258084421541173,mixed
5,paradox/default/snapshots/snapshot_2023_03_17,param_set_lower,0.010185,0.000326172,0.010507547,0.00598401759473085,numeric
5,paradox/default/snapshots/snapshot_2024_06_11,param_set_lower,0.004537,0.000207564000000001,0.0046994525,0.00272827334621898,numeric
5,paradox/default/snapshots/snapshot_2024_07_09,param_set_lower,0.004487,0.000209046599999999,0.0046602901,0.00303089007326323,numeric
5,paradox/default/snapshots/snapshot_2024_07_30,param_set_lower,0.004507,0.000207563999999999,0.0046501731,0.00255617924550879,numeric
50,paradox/default/snapshots/snapshot_2023_03_17,param_set_lower,0.063235,0.0018858672,0.0697387528,0.100048500875665,categorical
50,paradox/default/snapshots/snapshot_2024_06_11,param_set_lower,0.004697,0.000237215999999999,0.0048466494,0.00266517139076155,categorical
50,paradox/default/snapshots/snapshot_2024_07_09,param_set_lower,0.004677,0.00022239,0.004830155,0.00303965710281691,categorical
50,paradox/default/snapshots/snapshot_2024_07_30,param_set_lower,0.004697,0.00022239,0.0048457752,0.00266993125337615,categorical
50,paradox/default/snapshots/snapshot_2023_03_17,param_set_lower,0.053891,0.00201930119999999,0.0572974654,0.0684495748094563,mixed
50,paradox/default/snapshots/snapshot_2024_06_11,param_set_lower,0.0046575,0.000223131300000001,0.0048120555,0.00259650336914751,mixed
50,paradox/default/snapshots/snapshot_2024_07_09,param_set_lower,0.004677,0.00022239,0.0048386384,0.00302579255034135,mixed
50,paradox/default/snapshots/snapshot_2024_07_30,param_set_lower,0.004697,0.000237215999999999,0.0048515312,0.00274716884764921,mixed
50,paradox/default/snapshots/snapshot_2023_03_17,param_set_lower,0.042975,0.001275036,0.0466818828,0.0760811086739814,numeric
50,paradox/default/snapshots/snapshot_2024_06_11,param_set_lower,0.004657,0.0002238726,0.0048013751,0.00258012740420743,numeric
50,paradox/default/snapshots/snapshot_2024_07_09,param_set_lower,0.004647,0.000209046600000001,0.0048331475,0.0032216887456086,numeric
50,paradox/default/snapshots/snapshot_2024_07_30,param_set_lower,0.004687,0.0002090466,0.0048296671,0.00254093084389027,numeric
500,paradox/default/snapshots/snapshot_2023_03_17,param_set_lower,0.647129,0.0156799775999999,0.7066795659,0.318483354796775,categorical
500,paradox/default/snapshots/snapshot_2024_06_11,param_set_lower,0.004607,0.000237215999999999,0.0047881548,0.00288456393615173,categorical
500,paradox/default/snapshots/snapshot_2024_07_09,param_set_lower,0.004517,0.0002060814,0.0046810595,0.00304939089885917,categorical
500,paradox/default/snapshots/snapshot_2024_07_30,param_set_lower,0.004547,0.000207564000000001,0.0047201408,0.00269347134615622,categorical
500,paradox/default/snapshots/snapshot_2023_03_17,param_set_lower,0.559745,0.0145294799999999,0.5996332573,0.249738033503715,mixed
500,paradox/default/snapshots/snapshot_2024_06_11,param_set_lower,0.004557,0.000252042,0.0047302028,0.00276024792345399,mixed
500,paradox/default/snapshots/snapshot_2024_07_09,param_set_lower,0.004517,0.000207563999999999,0.0046819141,0.00306532641347105,mixed
500,paradox/default/snapshots/snapshot_2024_07_30,param_set_lower,0.004567,0.000237215999999999,0.0047364596,0.00270893123700335,mixed
500,paradox/default/snapshots/snapshot_2023_03_17,param_set_lower,0.465529,0.0115086825000001,0.4910367705,0.204480192964458,numeric
500,paradox/default/snapshots/snapshot_2024_06_11,param_set_lower,0.004527,0.000209046599999999,0.0046882336,0.00270814977616676,numeric
500,paradox/default/snapshots/snapshot_2024_07_09,param_set_lower,0.004547,0.000237215999999999,0.004739449,0.00309890393590369,numeric
500,paradox/default/snapshots/snapshot_2024_07_30,param_set_lower,0.004536,0.000237216000000001,0.0047044696,0.00275571945260144,numeric
5,paradox/default/snapshots/snapshot_2023_03_17,param_set_upper,0.012389,0.000385476,0.0127475951,0.00640764873720384,categorical
5,paradox/default/snapshots/snapshot_2024_06_11,param_set_upper,0.004486,0.000207564000000001,0.0046411363,0.00271499131532801,categorical
5,paradox/default/snapshots/snapshot_2024_07_09,param_set_upper,0.004467,0.0001942206,0.0046233144,0.00287480617322386,categorical
5,paradox/default/snapshots/snapshot_2024_07_30,param_set_upper,0.004457,0.000207564000000001,0.0046128643,0.00254690907887799,categorical
5,paradox/default/snapshots/snapshot_2023_03_17,param_set_upper,0.011658,0.000415128000000001,0.012023463,0.00638734857409643,mixed
5,paradox/default/snapshots/snapshot_2024_06_11,param_set_upper,0.004467,0.00022239,0.0046294687,0.00261990045861701,mixed
5,paradox/default/snapshots/snapshot_2024_07_09,param_set_upper,0.004496,0.000207564000000001,0.004660704,0.00304748446062286,mixed
5,paradox/default/snapshots/snapshot_2024_07_30,param_set_upper,0.004467,0.000192738000000001,0.0046243057,0.00266684409521635,mixed
5,paradox/default/snapshots/snapshot_2023_03_17,param_set_upper,0.009995,0.000311346,0.0103410564,0.00589165123282463,numeric
5,paradox/default/snapshots/snapshot_2024_06_11,param_set_upper,0.004457,0.0001942206,0.0046064016,0.00253280753906025,numeric
5,paradox/default/snapshots/snapshot_2024_07_09,param_set_upper,0.004427,0.0001942206,0.0045784218,0.00289984975502955,numeric
5,paradox/default/snapshots/snapshot_2024_07_30,param_set_upper,0.004517,0.000209046600000001,0.0047149439,0.00281611404168623,numeric
50,paradox/default/snapshots/snapshot_2023_03_17,param_set_upper,0.063866,0.0018562152,0.0699805779,0.0956861939426522,categorical
50,paradox/default/snapshots/snapshot_2024_06_11,param_set_upper,0.004677,0.00022239,0.0048385686,0.00268711352436091,categorical
50,paradox/default/snapshots/snapshot_2024_07_09,param_set_upper,0.004617,0.00022239,0.0047825191,0.00300376268431139,categorical
50,paradox/default/snapshots/snapshot_2024_07_30,param_set_upper,0.004687,0.0002238726,0.0048372926,0.00250307395306385,categorical
50,paradox/default/snapshots/snapshot_2023_03_17,param_set_upper,0.05318,0.0016338252,0.0567056034,0.0711404924230802,mixed
50,paradox/default/snapshots/snapshot_2024_06_11,param_set_upper,0.004647,0.00022239,0.0048078846,0.00285698163121273,mixed
50,paradox/default/snapshots/snapshot_2024_07_09,param_set_upper,0.004627,0.00022239,0.0047854106,0.00300808879417264,mixed
50,paradox/default/snapshots/snapshot_2024_07_30,param_set_upper,0.004657,0.00022239,0.0048064699,0.00265275841972414,mixed
50,paradox/default/snapshots/snapshot_2023_03_17,param_set_upper,0.041823,0.00139512660000001,0.0449996233,0.0683005974017734,numeric
50,paradox/default/snapshots/snapshot_2024_06_11,param_set_upper,0.004717,0.000252042,0.0048727724,0.00264157769499027,numeric
50,paradox/default/snapshots/snapshot_2024_07_09,param_set_upper,0.004657,0.0002238726,0.0048273555,0.00315770863682881,numeric
50,paradox/default/snapshots/snapshot_2024_07_30,param_set_upper,0.004657,0.00022239,0.0048004633,0.00271275417514647,numeric
500,paradox/default/snapshots/snapshot_2023_03_17,param_set_upper,0.6417935,0.0154650006,0.6960828994,0.291015266395828,categorical
500,paradox/default/snapshots/snapshot_2024_06_11,param_set_upper,0.004527,0.0002238726,0.004688723,0.002632063434088,categorical
500,paradox/default/snapshots/snapshot_2024_07_09,param_set_upper,0.004497,0.000209046600000001,0.0046562502,0.00289516903530247,categorical
500,paradox/default/snapshots/snapshot_2024_07_30,param_set_upper,0.004527,0.0002386986,0.0047066257,0.00284671486049257,categorical
500,paradox/default/snapshots/snapshot_2023_03_17,param_set_upper,0.5409925,0.0156369822,0.5806227799,0.248173275821543,mixed
500,paradox/default/snapshots/snapshot_2024_06_11,param_set_upper,0.004527,0.00022239,0.0046949565,0.00276067206310923,mixed
500,paradox/default/snapshots/snapshot_2024_07_09,param_set_upper,0.004457,0.000192738,0.0046157973,0.00293127515812112,mixed
500,paradox/default/snapshots/snapshot_2024_07_30,param_set_upper,0.004537,0.000237215999999999,0.004715444,0.00277768383424253,mixed
500,paradox/default/snapshots/snapshot_2023_03_17,param_set_upper,0.4229635,0.0111580476,0.447887432,0.200006898002271,numeric
500,paradox/default/snapshots/snapshot_2024_06_11,param_set_upper,0.004517,0.00022239,0.0047064357,0.00284057135700354,numeric
500,paradox/default/snapshots/snapshot_2024_07_09,param_set_upper,0.004526,0.0002238726,0.0046965837,0.0030286609244836,numeric
500,paradox/default/snapshots/snapshot_2024_07_30,param_set_upper,0.004517,0.000209046600000001,0.004676803,0.00272734703185609,numeric
5,paradox/default/snapshots/snapshot_2023_03_17,param_set_levels,0.011397,0.000355823999999998,0.0117503922,0.00616786213444416,categorical
5,paradox/default/snapshots/snapshot_2024_06_11,param_set_levels,0.004577,0.0002083053,0.0047292069,0.00265804716763396,categorical
5,paradox/default/snapshots/snapshot_2024_07_09,param_set_levels,0.004527,0.000207564000000001,0.0046970587,0.00317185377962072,categorical
5,paradox/default/snapshots/snapshot_2024_07_30,param_set_levels,0.004527,0.000207563999999999,0.0046829475,0.002643786061242,categorical
5,paradox/default/snapshots/snapshot_2023_03_17,param_set_levels,0.012398,0.000400301999999999,0.0127925755,0.00654325238971288,mixed
5,paradox/default/snapshots/snapshot_2024_06_11,param_set_levels,0.004547,0.000207563999999999,0.0047008077,0.00266877050274473,mixed
5,paradox/default/snapshots/snapshot_2024_07_09,param_set_levels,0.004547,0.0001942206,0.0047001381,0.00293416678716495,mixed
5,paradox/default/snapshots/snapshot_2024_07_30,param_set_levels,0.0045375,0.0002068227,0.0046872018,0.00268565415623484,mixed
5,paradox/default/snapshots/snapshot_2023_03_17,param_set_levels,0.01324,0.0003573066,0.0136306304,0.00642979465654451,numeric
5,paradox/default/snapshots/snapshot_2024_06_11,param_set_levels,0.004497,0.000207563999999999,0.0046555174,0.00257489998094847,numeric
5,paradox/default/snapshots/snapshot_2024_07_09,param_set_levels,0.004527,0.000207563999999999,0.0046796056,0.00283776428648738,numeric
5,paradox/default/snapshots/snapshot_2024_07_30,param_set_levels,0.004547,0.000207564000000001,0.0047043494,0.00270876343187304,numeric
50,paradox/default/snapshots/snapshot_2023_03_17,param_set_levels,0.043826,0.0014396046,0.0470198328,0.0669170407460108,categorical
50,paradox/default/snapshots/snapshot_2024_06_11,param_set_levels,0.005008,0.000236474699999999,0.0051764325,0.00273376974636606,categorical
50,paradox/default/snapshots/snapshot_2024_07_09,param_set_levels,0.004938,0.000207564000000001,0.0051042109,0.00299798731852178,categorical
50,paradox/default/snapshots/snapshot_2024_07_30,param_set_levels,0.005017,0.000237215999999999,0.0051714669,0.00263946822537337,categorical
50,paradox/default/snapshots/snapshot_2023_03_17,param_set_levels,0.053931,0.00172278119999999,0.0572985095,0.0662289066858678,mixed
50,paradox/default/snapshots/snapshot_2024_06_11,param_set_levels,0.005038,0.00022239,0.0051921824,0.00282288940512901,mixed
50,paradox/default/snapshots/snapshot_2024_07_09,param_set_levels,0.004968,0.00022239,0.005139244,0.00308184523012857,mixed
50,paradox/default/snapshots/snapshot_2024_07_30,param_set_levels,0.005017,0.000237215999999999,0.0051680434,0.00256933365463875,mixed
50,paradox/default/snapshots/snapshot_2023_03_17,param_set_levels,0.062904,0.00189921060000001,0.0686229091,0.0865393507545275,numeric
50,paradox/default/snapshots/snapshot_2024_06_11,param_set_levels,0.004988,0.000237215999999999,0.0051577472,0.00274818720646617,numeric
50,paradox/default/snapshots/snapshot_2024_07_09,param_set_levels,0.004968,0.0002238726,0.0051319668,0.00304813561741796,numeric
50,paradox/default/snapshots/snapshot_2024_07_30,param_set_levels,0.004997,0.00022239,0.0051400114,0.00248611302970514,numeric
500,paradox/default/snapshots/snapshot_2023_03_17,param_set_levels,0.472599,0.0121313745,0.4994390615,0.200532424922874,categorical
500,paradox/default/snapshots/snapshot_2024_06_11,param_set_levels,0.004617,0.000252042,0.0047955988,0.00289202148865939,categorical
500,paradox/default/snapshots/snapshot_2024_07_09,param_set_levels,0.004556,0.0001942206,0.0047013948,0.00289538188395907,categorical
500,paradox/default/snapshots/snapshot_2024_07_30,param_set_levels,0.004596,0.000237216000000001,0.0047606413,0.00279201443436356,categorical
500,paradox/default/snapshots/snapshot_2023_03_17,param_set_levels,0.5561545,0.0141351084,0.5971166435,0.253713808831651,mixed
500,paradox/default/snapshots/snapshot_2024_06_11,param_set_levels,0.004596,0.0002238726,0.0047667116,0.00276059752370646,mixed
500,paradox/default/snapshots/snapshot_2024_07_09,param_set_levels,0.004507,0.0001942206,0.0046744342,0.00311072180023901,mixed
500,paradox/default/snapshots/snapshot_2024_07_30,param_set_levels,0.004547,0.00022239,0.0047213722,0.00269034349410606,mixed
500,paradox/default/snapshots/snapshot_2023_03_17,param_set_levels,0.6318825,0.0178675539,0.6886495765,0.309659339375472,numeric
500,paradox/default/snapshots/snapshot_2024_06_11,param_set_levels,0.004527,0.000209046599999999,0.004693823,0.00274069238375,numeric
500,paradox/default/snapshots/snapshot_2024_07_09,param_set_levels,0.004567,0.00022239,0.0047453306,0.00307007258824174,numeric
500,paradox/default/snapshots/snapshot_2024_07_30,param_set_levels,0.004537,0.00022239,0.0047206243,0.00296022004135146,numeric
5,paradox/default/snapshots/snapshot_2023_03_17,param_set_class,0.013551,0.000355823999999998,0.0139463467,0.0064973444360424,categorical
5,paradox/default/snapshots/snapshot_2024_06_11,param_set_class,0.004467,0.000192738000000001,0.0046296135,0.00257466682917341,categorical
5,paradox/default/snapshots/snapshot_2024_07_09,param_set_class,0.004497,0.0002060814,0.0046648959,0.00304062190468001,categorical
5,paradox/default/snapshots/snapshot_2024_07_30,param_set_class,0.004497,0.0001942206,0.0046464062,0.00254200259931477,categorical
5,paradox/default/snapshots/snapshot_2023_03_17,param_set_class,0.013791,0.000505566599999999,0.0142034032,0.00662624364172566,mixed
5,paradox/default/snapshots/snapshot_2024_06_11,param_set_class,0.004486,0.0002060814,0.0046410293,0.00268336388177484,mixed
5,paradox/default/snapshots/snapshot_2024_07_09,param_set_class,0.004467,0.000207563999999999,0.0046319534,0.0030715157340178,mixed
5,paradox/default/snapshots/snapshot_2024_07_30,param_set_class,0.004487,0.000207564000000001,0.0046399885,0.00273747752876435,mixed
5,paradox/default/snapshots/snapshot_2023_03_17,param_set_class,0.013591,0.000372132600000002,0.0140174049,0.00685944518617812,numeric
5,paradox/default/snapshots/snapshot_2024_06_11,param_set_class,0.004467,0.000192738000000001,0.0046150692,0.00250757461046607,numeric
5,paradox/default/snapshots/snapshot_2024_07_09,param_set_class,0.004467,0.000207563999999999,0.0046244995,0.00289633103756247,numeric
5,paradox/default/snapshots/snapshot_2024_07_30,param_set_class,0.004517,0.000207563999999999,0.0046725947,0.00263057180719995,numeric
50,paradox/default/snapshots/snapshot_2023_03_17,param_set_class,0.077236,0.0021823872,0.0832071803,0.0961186781501136,categorical
50,paradox/default/snapshots/snapshot_2024_06_11,param_set_class,0.004677,0.0002238726,0.0048361339,0.00269126388492482,categorical
50,paradox/default/snapshots/snapshot_2024_07_09,param_set_class,0.004677,0.0002535246,0.0049091919,0.00302489822909863,categorical
50,paradox/default/snapshots/snapshot_2024_07_30,param_set_class,0.004727,0.0002386986,0.0048877737,0.00287455446600445,categorical
50,paradox/default/snapshots/snapshot_2023_03_17,param_set_class,0.078147,0.00276208379999998,0.0858057285,0.12937753757819,mixed
50,paradox/default/snapshots/snapshot_2024_06_11,param_set_class,0.004647,0.00022239,0.0048042726,0.00264573890422395,mixed
50,paradox/default/snapshots/snapshot_2024_07_09,param_set_class,0.004667,0.00022239,0.004826828,0.00302181229850114,mixed
50,paradox/default/snapshots/snapshot_2024_07_30,param_set_class,0.004687,0.00022239,0.0048368919,0.00268907320456033,mixed
50,paradox/default/snapshots/snapshot_2023_03_17,param_set_class,0.077937,0.00296964779999999,0.0843922322,0.0971345221249229,numeric
50,paradox/default/snapshots/snapshot_2024_06_11,param_set_class,0.004687,0.000237215999999999,0.0048422684,0.00268121615812118,numeric
50,paradox/default/snapshots/snapshot_2024_07_09,param_set_class,0.004656,0.000225355199999999,0.0048289941,0.00304462203483432,numeric
50,paradox/default/snapshots/snapshot_2024_07_30,param_set_class,0.004687,0.00022239,0.0048411144,0.0027129840568573,numeric
500,paradox/default/snapshots/snapshot_2023_03_17,param_set_class,0.8208,0.0231330078000001,0.8887159589,0.344127951482831,categorical
500,paradox/default/snapshots/snapshot_2024_06_11,param_set_class,0.004597,0.000237216000000001,0.0047667076,0.00281218258966128,categorical
500,paradox/default/snapshots/snapshot_2024_07_09,param_set_class,0.004497,0.000207564000000001,0.0046652037,0.00316765173501724,categorical
500,paradox/default/snapshots/snapshot_2024_07_30,param_set_class,0.004596,0.0002386986,0.0047603287,0.00277221698222848,categorical
500,paradox/default/snapshots/snapshot_2023_03_17,param_set_class,0.8135555,0.0218209068,0.8803662661,0.328797605923762,mixed
500,paradox/default/snapshots/snapshot_2024_06_11,param_set_class,0.004597,0.000252042,0.0047612886,0.00275948632147106,mixed
500,paradox/default/snapshots/snapshot_2024_07_09,param_set_class,0.004517,0.000207564000000001,0.0046763967,0.00309300156980241,mixed
500,paradox/default/snapshots/snapshot_2024_07_30,param_set_class,0.004577,0.0002386986,0.0047469375,0.00280513805851806,mixed
500,paradox/default/snapshots/snapshot_2023_03_17,param_set_class,0.806451,0.0220507098,0.8738406306,0.325664719289262,numeric
500,paradox/default/snapshots/snapshot_2024_06_11,param_set_class,0.004567,0.000252042,0.0047552221,0.00274198717986446,numeric
500,paradox/default/snapshots/snapshot_2024_07_09,param_set_class,0.004587,0.000237215999999999,0.0047689057,0.00318278231673721,numeric
500,paradox/default/snapshots/snapshot_2024_07_30,param_set_class,0.004497,0.00022239,0.0046808062,0.00291410342522685,numeric
5,paradox/default/snapshots/snapshot_2024_06_11,param_set_subspaces,17.1100615,1.5924962424,18.6368449193,4.6382792016456,categorical
5,paradox/default/snapshots/snapshot_2024_07_09,param_set_subspaces,9.2446645,0.711173568,10.3338917832,3.6855596107459,categorical
5,paradox/default/snapshots/snapshot_2024_07_30,param_set_subspaces,17.538795,1.8744793494,19.276164513,5.20127418748502,categorical
5,paradox/default/snapshots/snapshot_2024_06_11,param_set_subspaces,17.2956645,1.6692126381,18.9318990376,4.88729416922642,mixed
5,paradox/default/snapshots/snapshot_2024_07_09,param_set_subspaces,9.200641,0.618511068000001,10.2437776379,3.61706190709416,mixed
5,paradox/default/snapshots/snapshot_2024_07_30,param_set_subspaces,17.1845595,1.6057758906,18.7906894651,4.81229997339855,mixed
5,paradox/default/snapshots/snapshot_2024_06_11,param_set_subspaces,17.302192,1.6971700263,18.9345250888,4.92669017341833,numeric
5,paradox/default/snapshots/snapshot_2024_07_09,param_set_subspaces,9.2226645,0.667125521999999,10.3042545827,3.65059514153202,numeric
5,paradox/default/snapshots/snapshot_2024_07_30,param_set_subspaces,17.3456005,1.7720302068,18.9545492739,4.95645189745017,numeric
50,paradox/default/snapshots/snapshot_2024_06_11,param_set_subspaces,201.745606,30.406932507,203.3528613643,29.6017957049696,categorical
50,paradox/default/snapshots/snapshot_2024_07_09,param_set_subspaces,125.1563045,25.4791414983,126.1940049739,24.0773071947232,categorical
50,paradox/default/snapshots/snapshot_2024_07_30,param_set_subspaces,205.433315,30.2010794274,205.7057011596,29.2935762250459,categorical
50,paradox/default/snapshots/snapshot_2024_06_11,param_set_subspaces,205.3377565,30.2126563095,206.409707776,28.9898012599195,mixed
50,paradox/default/snapshots/snapshot_2024_07_09,param_set_subspaces,123.1773155,24.3280834755,124.7433864805,24.1039920761486,mixed
50,paradox/default/snapshots/snapshot_2024_07_30,param_set_subspaces,207.799975,31.6606628037,210.3642346741,31.387570240354,mixed
50,paradox/default/snapshots/snapshot_2024_06_11,param_set_subspaces,205.291917,30.7683303417,205.9791292196,29.5429898310231,numeric
50,paradox/default/snapshots/snapshot_2024_07_09,param_set_subspaces,126.067145,25.3187330739,127.1825954511,24.5684272116982,numeric
50,paradox/default/snapshots/snapshot_2024_07_30,param_set_subspaces,212.077572,32.8251220479,214.5879024494,34.0422832234941,numeric
500,paradox/default/snapshots/snapshot_2024_06_11,param_set_subspaces,1887.660516,180.198272982,1903.521713003,161.264757781569,categorical
500,paradox/default/snapshots/snapshot_2024_07_09,param_set_subspaces,1150.38357,161.9141151537,1165.9757608415,140.393301622363,categorical
500,paradox/default/snapshots/snapshot_2024_07_30,param_set_subspaces,1873.438051,165.8952215844,1877.7175543404,151.091483997019,categorical
500,paradox/default/snapshots/snapshot_2024_06_11,param_set_subspaces,1894.1484505,175.382862312,1894.7713051964,146.907588198358,mixed
500,paradox/default/snapshots/snapshot_2024_07_09,param_set_subspaces,1178.340497,169.5596231574,1203.0858940041,148.614624733611,mixed
500,paradox/default/snapshots/snapshot_2024_07_30,param_set_subspaces,1915.913145,170.4856566,1933.8805823801,153.40783638204,mixed
500,paradox/default/snapshots/snapshot_2024_06_11,param_set_subspaces,1944.724235,250.3162573065,1939.0943467376,173.051745367574,numeric
500,paradox/default/snapshots/snapshot_2024_07_09,param_set_subspaces,1191.4705375,184.2653450085,1202.6374727456,149.422944718011,numeric
500,paradox/default/snapshots/snapshot_2024_07_30,param_set_subspaces,1964.8842235,230.4401443848,1949.3752387267,174.884037958573,numeric
5,paradox/default/snapshots/snapshot_2024_06_11,param_set_subspaces_4,14.385234,1.6316761713,15.892577148,5.12896643626442,categorical
5,paradox/default/snapshots/snapshot_2024_07_09,param_set_subspaces_4,7.5331125,0.5358961482,8.4926858391,3.81307956043271,categorical
5,paradox/default/snapshots/snapshot_2024_07_30,param_set_subspaces_4,14.5371265,1.6143341991,16.243870936,5.59207419649057,categorical
5,paradox/default/snapshots/snapshot_2024_06_11,param_set_subspaces_4,14.564993,1.5899884245,16.3447413502,5.72636684984967,mixed
5,paradox/default/snapshots/snapshot_2024_07_09,param_set_subspaces_4,7.6236285,0.583322298300001,8.6477300741,4.06283839837035,mixed
5,paradox/default/snapshots/snapshot_2024_07_30,param_set_subspaces_4,14.431092,1.4461984635,16.1927059979,5.62739145036996,mixed
5,paradox/default/snapshots/snapshot_2024_06_11,param_set_subspaces_4,14.4493015,1.5600169242,16.1191800504,5.46699915082379,numeric
5,paradox/default/snapshots/snapshot_2024_07_09,param_set_subspaces_4,7.5388725,0.5332815831,8.530082907,3.85701282015698,numeric
5,paradox/default/snapshots/snapshot_2024_07_30,param_set_subspaces_4,14.501041,1.6040783136,16.1490594681,5.45823899781233,numeric
50,paradox/default/snapshots/snapshot_2024_06_11,param_set_subspaces_4,14.367711,1.5311432892,16.1110140539,5.51492939778682,categorical
50,paradox/default/snapshots/snapshot_2024_07_09,param_set_subspaces_4,7.4900295,0.5121686178,8.3970021571,3.54718442410967,categorical
50,paradox/default/snapshots/snapshot_2024_07_30,param_set_subspaces_4,14.4672955,1.5248036916,16.2689304014,5.71670278696675,categorical
50,paradox/default/snapshots/snapshot_2024_06_11,param_set_subspaces_4,14.4793585,1.6582161939,16.163682467,5.53119337965411,mixed
50,paradox/default/snapshots/snapshot_2024_07_09,param_set_subspaces_4,7.6450015,0.581546143500001,8.6548411569,3.90985388468871,mixed
50,paradox/default/snapshots/snapshot_2024_07_30,param_set_subspaces_4,14.3975905,1.5407586915,16.1818362342,5.67118616290636,mixed
50,paradox/default/snapshots/snapshot_2024_06_11,param_set_subspaces_4,14.416834,1.5709970598,16.1073592337,5.5134534176349,numeric
50,paradox/default/snapshots/snapshot_2024_07_09,param_set_subspaces_4,7.649965,0.553774821599999,8.6904700025,4.09408457161289,numeric
50,paradox/default/snapshots/snapshot_2024_07_30,param_set_subspaces_4,14.4788985,1.5651726657,16.2105220893,5.65001009139196,numeric
500,paradox/default/snapshots/snapshot_2024_06_11,param_set_subspaces_4,14.820216,1.561481733,16.6360450436,5.76872996292448,categorical
500,paradox/default/snapshots/snapshot_2024_07_09,param_set_subspaces_4,8.1066155,0.5608868538,9.1229861247,4.03269730188483,categorical
500,paradox/default/snapshots/snapshot_2024_07_30,param_set_subspaces_4,14.801863,1.6657989516,16.5408701228,5.67771466679703,categorical
500,paradox/default/snapshots/snapshot_2024_06_11,param_set_subspaces_4,14.769995,1.5829371789,16.597285377,5.86998568254817,mixed
500,paradox/default/snapshots/snapshot_2024_07_09,param_set_subspaces_4,8.215329,0.575801068499999,9.2235029513,4.00761650747317,mixed
500,paradox/default/snapshots/snapshot_2024_07_30,param_set_subspaces_4,14.7063095,1.546092345,16.5176486626,5.77885468085677,mixed
500,paradox/default/snapshots/snapshot_2024_06_11,param_set_subspaces_4,14.727397,1.5964355106,16.5046786645,5.77814441337613,numeric
500,paradox/default/snapshots/snapshot_2024_07_09,param_set_subspaces_4,8.0624035,0.5511854607,9.0615848415,3.88962558767871,numeric
500,paradox/default/snapshots/snapshot_2024_07_30,param_set_subspaces_4,14.2953685,1.442962689,15.9161876109,5.15837044288835,numeric
